Qty,Value,Device,Package,Parts,Description,ARROW_PART_NUMBER,ARROW_PRICE-STOCK,CATEGORY,DESCRIPTION,HEIGHT,MANUFACTURER,MANUFACTURER_NAME,MANUFACTURER_PART_NUMBER,MOUSER_PART_NUMBER,MOUSER_PRICE-STOCK,MPN,OPERATING_TEMP,PART_STATUS,ROHS_COMPLIANT,SERIES,SUB-CATEGORY,THERMALLOSS,TYPE,VOLTAGE_RATING
1,,CONN_05,1X05,CN3,"Multi connection point. Often used as Generic Header-pin footprint for 0.1 inch spaced/style header connections",,,,,,,,,,,,,,,,,,,
1,0.1uf,UMK212B7104KGHT,CAPC2012X135N,C3,"Taiyo Yuden 0805 (2012M) 100nF MLCC 50V dc +/-10% SMD UMK212B7104KGHT",,,,"Taiyo Yuden 0805 (2012M) 100nF MLCC 50V dc +/-10% SMD UMK212B7104KGHT",1.35mm,,"TAIYO YUDEN",UMK212B7104KGHT,963-UMK212B7104KGHT,https://www.mouser.com/Search/Refine.aspx?Keyword=963-UMK212B7104KGHT,,,,,,,,,
2,10K,SR0805JR-0710KL,RESC2012X60N,"R1, R5","Thick Film Resistors - SMD 10K ohm 5% 1/8W AEC-Q200",,,,"Thick Film Resistors - SMD 10K ohm 5% 1/8W AEC-Q200",0.6mm,,KEMET,SR0805JR-0710KL,603-SR0805JR-0710KL,https://www.mouser.co.uk/ProductDetail/Yageo/SR0805JR-0710KL?qs=cGU37fGUGy9QSOy7al6rlQ%3D%3D,,,,,,,,,
1,1uf,08053C105KAZ2A,CAPC2012X140N,C1,"Capacitor MLCC 0805 1uF 25V AVX 0805 FlEXITERM 1uF Ceramic Multilayer Capacitor, 25 V dc, +125degC, X7R Dielectric,  /-10% SMD",08053C105KAZ2A,https://www.arrow.com/en/products/08053c105kaz2a/avx,,"Capacitor MLCC 0805 1uF 25V AVX 0805 FlEXITERM 1uF Ceramic Multilayer Capacitor"," 25 V dc"," +125degC"," X7R Dielectric","  /-10% SMD",1.4mm,,AVX,08053C105KAZ2A,581-08053C105KAZ2A,https://www.mouser.com/Search/Refine.aspx?Keyword=581-08053C105KAZ2A,,,,,
1,2.0k,RK73B2ATTD202J,RESC2012X60N,R2,"Thick Film Resistors - SMD 1/4watts 2Kohms 5%",,,,"Thick Film Resistors - SMD 1/4watts 2Kohms 5%",0.6mm,,"KOA Speer",RK73B2ATTD202J,660-RK73B2ATTD202J,https://www.mouser.co.uk/ProductDetail/KOA-Speer/RK73B2ATTD202J?qs=5FqE3uTlSVslcxQzmvAurA%3D%3D,,,,,,,,,
2,"220 Ohm",ERJ-6GEYF221V,RESC2012X70N,"R3, R6","Panasonic ERJ6G EY",,,,"Panasonic ERJ6G EY",0.7mm,,Panasonic,ERJ-6GEYF221V,,,,,,,,,,,
2,4.7uF,C_CHIP-0805(2012-METRIC),CAPC2012X110,"C2, C4","Capacitor - Generic",,,Capacitor,,,,,,,,,,,,,,,,
1,"470 Ohm",ERA6VEB4700V,ERA6VK,R4,"Thin Film Chip Resistor, High Stability & Reliability, 0805, 0.25W",,,,"Thin Film Chip Resistor"," High Stability & Reliability"," 0805"," 0.25W",0.65mm,,Panasonic,ERA6VEB4700V,,,,,,,,
1,ESP32-S3-WROOM-1-N8R8,ESP32-S3-WROOM-1-N8R8,ESP32S3WROOM1N8R8,IC1,"WiFi Modules - 802.11 (Engineering Samples Only) SMD Module, ESP32-S3R8 with 8 MB Octal PSRAM Die, 8 MB Quad SPI flash, PCB Antenna",,,,"WiFi Modules - 802.11 (Engineering Samples Only) SMD Module"," ESP32-S3R8 with 8 MB Octal PSRAM Die"," 8 MB Quad SPI flash"," PCB Antenna",3.25mm,,"Espressif Systems",ESP32-S3-WROOM-1-N8R8,356-EP32S3WROOM1N8R8,https://www.mouser.co.uk/ProductDetail/Espressif-Systems/ESP32-S3-WROOM-1-N8R8?qs=7D1LtPJG0i3%2F28hKFavOpQ%3D%3D,,,,,,
1,HYC39-TF08-180,HYC39-TF08-180,HYC39TF08180,MICROSD_READER,"Connector SIM CardSD Memory Card 8 SMD Card Sockets Connectors ROHS",,,,"Connector SIM CardSD Memory Card 8 SMD Card Sockets Connectors ROHS",2.1mm,,HOAUC,HYC39-TF08-180,,,,,,,,,,,
1,IC_LIPO_CHARGER,IC_LIPO_CHARGER,SOT23-5,IC2,"MCP73831/2: LiPo Battery Charger",,,,,,,,,,,,,,,,,,,
2,KMR221NGLFS,KMR221NGLFS,KMR221NGLFS,"S1, S2","KMR221NGLFS (Tactile Switches)",,,,"KMR221NGLFS (Tactile Switches)",1.9mm,,"C & K COMPONENTS",KMR221NGLFS,611-KMR221NGLFS,https://www.mouser.co.uk/ProductDetail/CK/KMR221NGLFS?qs=sb%252But3Lm4x2H4qewmcuXNA%3D%3D,,,,,,,,,
1,LM1117IMPX-3.3,LM1117IMPX-3.3,SOT230P700X180-4N,IC3,"LDO Voltage Regulators 800mA Low-Dropout Linear Regulator 4-SOT-223 -40 to 125",,,,"LDO Voltage Regulators 800mA Low-Dropout Linear Regulator 4-SOT-223 -40 to 125",1.8mm,,"Texas Instruments",LM1117IMPX-3.3,926-LM1117IMPX-33,https://www.mouser.co.uk/ProductDetail/Texas-Instruments/LM1117IMPX-3.3?qs=X1J7HmVL2ZHKy9AnitIdMQ%3D%3D,,,,,,,,,
1,LTST-C170KFKT,LTST-C170KFKT,LEDC2012X120N,LED1,"Standard LEDs - SMD Orange Clear 605nm",LTST-C170KFKT,https://www.arrow.com/en/products/ltst-c170kfkt/lite-on-technology?region=nac,,"Standard LEDs - SMD Orange Clear 605nm",1.2mm,,Lite-On,LTST-C170KFKT,859-LTST-C170KFKT,https://www.mouser.co.uk/ProductDetail/Lite-On/LTST-C170KFKT?qs=gKd32bbgGM%2FWUWN9MKaKoA%3D%3D,,,,,,,,,
1,LTST-C170TBKT,LTST-C170TBKT,LEDC2012X120N,LED2,"LED,SMD,0805,Blue,28mcd,130deg",LTST-C170TBKT,https://www.arrow.com/en/products/ltst-c170tbkt/lite-on-technology?region=nac,,LED,SMD,0805,Blue,28mcd,130deg,1.2mm,,Lite-On,LTST-C170TBKT,859-LTST-C170TBKT,https://www.mouser.co.uk/ProductDetail/Lite-On/LTST-C170TBKT?qs=0uL0gcxEMop2ooGmIUzw3A%3D%3D,,,,
1,S2B-PH-SM4-TB_LF__SN_,S2B-PH-SM4-TB_LF__SN_,S2BPHSM4TBLFSN,CN2,"Conn Shrouded Header (4 Sides) HDR 2 POS 2mm Solder RA Side Entry SMD T/R",S2B-PH-SM4-TB(LF)(SN),https://www.arrow.com/en/products/s2b-ph-sm4-tb-lf-sn/jst-manufacturing?region=europe,,"Conn Shrouded Header (4 Sides) HDR 2 POS 2mm Solder RA Side Entry SMD T/R",6.6mm,,"JST (JAPAN SOLDERLESS TERMINALS)",S2B-PH-SM4-TB(LF)(SN),,,,,,,,,,,
1,S3B-PH-SM4-TB_LF__SN_,S3B-PH-SM4-TB_LF__SN_,S3B-PH-SM4-TB,CN1,"PH SMT side entry shroud header 3 way JST PH Series, 2mm Pitch 3 Way 1 Row Right Angle PCB Header, Solder Termination, 2A",S3B-PH-SM4-TB(LF)(SN),https://www.arrow.com/en/products/s3b-ph-sm4-tb-lf-sn/jst-manufacturing?region=europe,,"PH SMT side entry shroud header 3 way JST PH Series"," 2mm Pitch 3 Way 1 Row Right Angle PCB Header"," Solder Termination"," 2A",mm,,"JST (JAPAN SOLDERLESS TERMINALS)",S3B-PH-SM4-TB(LF)(SN),,,,,,,,
1,U254-051T-4BHJ25-F2S,U254-051T-4BHJ25-F2S,U254051T4BHJ25F2S,USB_MICRO,"MICRO USB connector 7.2 pitch Calf-horn tin plated flat port inserts stainless steel housing",,,,"MICRO USB connector 7.2 pitch Calf-horn tin plated flat port inserts stainless steel housing",3.1mm,,"XKB Connectivity",U254-051T-4BHJ25-F2S,,,,,,,,,,,
