Name,X,Y,Angle,Value,Package
C1,41.22,10.06,0.00,1uf,CAPC2012X140N
C2,35.36,23.51,180.00,4.7uF,CAPC2012X110
C3,9.40,18.47,0.00,0.1uf,CAPC2012X135N
C4,32.03,31.88,270.00,4.7uF,CAPC2012X110
CN1,9.50,11.51,180.00,S3B-PH-SM4-TB_LF__SN_,S3B-PH-SM4-TB
CN2,32.30,41.83,0.00,S2B-PH-SM4-TB_LF__SN_,S2BPHSM4TBLFSN
IC1,54.36,24.83,0.00,ESP32-S3-WROOM-1-N8R8,ESP32S3WROOM1N8R8
IC2,37.16,32.82,180.00,IC_LIPO_CHARGER,SOT23-5
IC3,25.68,31.90,180.00,LM1117IMPX-3.3,SOT230P700X180-4N
LED1,61.90,45.30,0.00,LTST-C170KFKT,LEDC2012X120N
LED2,39.30,45.30,0.00,LTST-C170TBKT,LEDC2012X120N
MICROSD_READER,9.62,37.51,180.00,HYC39-TF08-180,HYC39TF08180
R1,41.53,6.71,0.00,10K,RESC2012X60N
R2,39.11,29.21,180.00,2.0k,RESC2012X60N
R3,39.22,42.04,180.00,"220 Ohm",RESC2012X70N
R4,2.11,12.14,270.00,"470 Ohm",ERA6VK
R5,13.92,26.53,0.00,10K,RESC2012X60N
R6,61.94,48.07,0.00,"220 Ohm",RESC2012X70N
S1,61.14,7.98,180.00,KMR221NGLFS,KMR221NGLFS
S2,47.42,7.98,0.00,KMR221NGLFS,KMR221NGLFS
USB_MICRO,32.54,10.99,0.00,U254-051T-4BHJ25-F2S,U254051T4BHJ25F2S
